[
{
  "model": "trading.customer",
  "pk": "CUST-1000",
  "fields": {
    "customer_name": "Customer_1",
    "country": "Brazil",
    "city": "City_1",
    "email": "not_provided@tradeco.com",
    "phone": "1-555-1000"
  }
},
{
  "model": "trading.customer",
  "pk": "CUST-1001",
  "fields": {
    "customer_name": "Customer_2",
    "country": "Germany",
    "city": "City_2",
    "email": "customer2@tradeco.com",
    "phone": "1-555-1001"
  }
},
{
  "model": "trading.customer",
  "pk": "CUST-1002",
  "fields": {
    "customer_name": "Customer_3",
    "country": "China",
    "city": "City_3",
    "email": "customer3@tradeco.com",
    "phone": "1-555-1002"
  }
},
{
  "model": "trading.customer",
  "pk": "CUST-1003",
  "fields": {
    "customer_name": "Customer_4",
    "country": "USA",
    "city": "City_4",
    "email": "customer4@tradeco.com",
    "phone": "1-555-1003"
  }
},
{
  "model": "trading.customer",
  "pk": "CUST-1004",
  "fields": {
    "customer_name": "Customer_5",
    "country": "Brazil",
    "city": "City_5",
    "email": "customer5@tradeco.com",
    "phone": "1-555-1004"
  }
},
{
  "model": "trading.customer",
  "pk": "CUST-1005",
  "fields": {
    "customer_name": "Customer_6",
    "country": "Brazil",
    "city": "City_6",
    "email": "customer6@tradeco.com",
    "phone": "1-555-1005"
  }
},
{
  "model": "trading.customer",
  "pk": "CUST-1006",
  "fields": {
    "customer_name": "Customer_7",
    "country": "USA",
    "city": "City_7",
    "email": "not_provided@tradeco.com",
    "phone": "1-555-1006"
  }
},
{
  "model": "trading.customer",
  "pk": "CUST-1007",
  "fields": {
    "customer_name": "Customer_8",
    "country": "Germany",
    "city": "City_8",
    "email": "customer8@tradeco.com",
    "phone": "1-555-1007"
  }
},
{
  "model": "trading.customer",
  "pk": "CUST-1008",
  "fields": {
    "customer_name": "Customer_9",
    "country": "Brazil",
    "city": "City_9",
    "email": "customer9@tradeco.com",
    "phone": "1-555-1008"
  }
},
{
  "model": "trading.customer",
  "pk": "CUST-1009",
  "fields": {
    "customer_name": "Customer_10",
    "country": "Germany",
    "city": "City_10",
    "email": "customer10@tradeco.com",
    "phone": "1-555-1009"
  }
},
{
  "model": "trading.customer",
  "pk": "CUST-1010",
  "fields": {
    "customer_name": "Customer_11",
    "country": "Germany",
    "city": "City_11",
    "email": "customer11@tradeco.com",
    "phone": "1-555-1010"
  }
},
{
  "model": "trading.customer",
  "pk": "CUST-1011",
  "fields": {
    "customer_name": "Customer_12",
    "country": "Germany",
    "city": "City_12",
    "email": "customer12@tradeco.com",
    "phone": "1-555-1011"
  }
},
{
  "model": "trading.customer",
  "pk": "CUST-1012",
  "fields": {
    "customer_name": "Customer_13",
    "country": "China",
    "city": "City_13",
    "email": "not_provided@tradeco.com",
    "phone": "1-555-1012"
  }
},
{
  "model": "trading.customer",
  "pk": "CUST-1013",
  "fields": {
    "customer_name": "Customer_14",
    "country": "Germany",
    "city": "City_14",
    "email": "customer14@tradeco.com",
    "phone": "1-555-1013"
  }
},
{
  "model": "trading.customer",
  "pk": "CUST-1014",
  "fields": {
    "customer_name": "Customer_15",
    "country": "USA",
    "city": "City_15",
    "email": "customer15@tradeco.com",
    "phone": "1-555-1014"
  }
},
{
  "model": "trading.customer",
  "pk": "CUST-1015",
  "fields": {
    "customer_name": "Customer_16",
    "country": "Germany",
    "city": "City_16",
    "email": "customer16@tradeco.com",
    "phone": "1-555-1015"
  }
},
{
  "model": "trading.customer",
  "pk": "CUST-1016",
  "fields": {
    "customer_name": "Customer_17",
    "country": "China",
    "city": "City_17",
    "email": "customer17@tradeco.com",
    "phone": "1-555-1016"
  }
},
{
  "model": "trading.customer",
  "pk": "CUST-1017",
  "fields": {
    "customer_name": "Customer_18",
    "country": "USA",
    "city": "City_18",
    "email": "customer18@tradeco.com",
    "phone": "1-555-1017"
  }
},
{
  "model": "trading.customer",
  "pk": "CUST-1018",
  "fields": {
    "customer_name": "Customer_19",
    "country": "Germany",
    "city": "City_19",
    "email": "not_provided@tradeco.com",
    "phone": "1-555-1018"
  }
},
{
  "model": "trading.customer",
  "pk": "CUST-1019",
  "fields": {
    "customer_name": "Customer_20",
    "country": "USA",
    "city": "City_20",
    "email": "customer20@tradeco.com",
    "phone": "1-555-1019"
  }
},
{
  "model": "trading.customer",
  "pk": "CUST-1020",
  "fields": {
    "customer_name": "Customer_21",
    "country": "China",
    "city": "City_21",
    "email": "customer21@tradeco.com",
    "phone": "1-555-1020"
  }
},
{
  "model": "trading.customer",
  "pk": "CUST-1021",
  "fields": {
    "customer_name": "Customer_22",
    "country": "Germany",
    "city": "City_22",
    "email": "customer22@tradeco.com",
    "phone": "1-555-1021"
  }
},
{
  "model": "trading.customer",
  "pk": "CUST-1022",
  "fields": {
    "customer_name": "Customer_23",
    "country": "Brazil",
    "city": "City_23",
    "email": "customer23@tradeco.com",
    "phone": "1-555-1022"
  }
},
{
  "model": "trading.customer",
  "pk": "CUST-1023",
  "fields": {
    "customer_name": "Customer_24",
    "country": "Germany",
    "city": "City_24",
    "email": "customer24@tradeco.com",
    "phone": "1-555-1023"
  }
},
{
  "model": "trading.customer",
  "pk": "CUST-1024",
  "fields": {
    "customer_name": "Customer_25",
    "country": "China",
    "city": "City_25",
    "email": "not_provided@tradeco.com",
    "phone": "1-555-1024"
  }
},
{
  "model": "trading.customer",
  "pk": "CUST-1025",
  "fields": {
    "customer_name": "Customer_26",
    "country": "Germany",
    "city": "City_26",
    "email": "customer26@tradeco.com",
    "phone": "1-555-1025"
  }
},
{
  "model": "trading.customer",
  "pk": "CUST-1026",
  "fields": {
    "customer_name": "Customer_27",
    "country": "China",
    "city": "City_27",
    "email": "customer27@tradeco.com",
    "phone": "1-555-1026"
  }
},
{
  "model": "trading.customer",
  "pk": "CUST-1027",
  "fields": {
    "customer_name": "Customer_28",
    "country": "China",
    "city": "City_28",
    "email": "customer28@tradeco.com",
    "phone": "1-555-1027"
  }
},
{
  "model": "trading.product",
  "pk": "PROD-2000",
  "fields": {
    "product_name": "Copper",
    "category": "Agriculture",
    "unit_of_measure": "MT",
    "standard_cost": 150.0,
    "list_price": 200.0,
    "currency": "USD",
    "origin_country": "USA"
  }
},
{
  "model": "trading.product",
  "pk": "PROD-2001",
  "fields": {
    "product_name": "Undefined",
    "category": "Energy",
    "unit_of_measure": "MT",
    "standard_cost": 150.0,
    "list_price": 300.0,
    "currency": "USD",
    "origin_country": "China"
  }
},
{
  "model": "trading.product",
  "pk": "PROD-2002",
  "fields": {
    "product_name": "Corn",
    "category": "Agriculture",
    "unit_of_measure": "MT",
    "standard_cost": 150.0,
    "list_price": 200.0,
    "currency": "USD",
    "origin_country": "Unknown"
  }
},
{
  "model": "trading.product",
  "pk": "PROD-2003",
  "fields": {
    "product_name": "Wheat",
    "category": "Energy",
    "unit_of_measure": "MT",
    "standard_cost": 150.0,
    "list_price": 300.0,
    "currency": "USD",
    "origin_country": "Unknown"
  }
},
{
  "model": "trading.product",
  "pk": "PROD-2004",
  "fields": {
    "product_name": "Copper",
    "category": "Other",
    "unit_of_measure": "MT",
    "standard_cost": 150.0,
    "list_price": 300.0,
    "currency": "USD",
    "origin_country": "Unknown"
  }
},
{
  "model": "trading.product",
  "pk": "PROD-2005",
  "fields": {
    "product_name": "Aluminum",
    "category": "Agriculture",
    "unit_of_measure": "MT",
    "standard_cost": 100.0,
    "list_price": 200.0,
    "currency": "USD",
    "origin_country": "Unknown"
  }
},
{
  "model": "trading.product",
  "pk": "PROD-2006",
  "fields": {
    "product_name": "Steel",
    "category": "Energy",
    "unit_of_measure": "KG",
    "standard_cost": 150.0,
    "list_price": 300.0,
    "currency": "USD",
    "origin_country": "Unknown"
  }
},
{
  "model": "trading.product",
  "pk": "PROD-2007",
  "fields": {
    "product_name": "Undefined",
    "category": "Energy",
    "unit_of_measure": "KG",
    "standard_cost": 100.0,
    "list_price": 300.0,
    "currency": "USD",
    "origin_country": "Brazil"
  }
},
{
  "model": "trading.product",
  "pk": "PROD-2008",
  "fields": {
    "product_name": "Wheat",
    "category": "Energy",
    "unit_of_measure": "KG",
    "standard_cost": 150.0,
    "list_price": 300.0,
    "currency": "USD",
    "origin_country": "Unknown"
  }
},
{
  "model": "trading.product",
  "pk": "PROD-2009",
  "fields": {
    "product_name": "Copper",
    "category": "Agriculture",
    "unit_of_measure": "MT",
    "standard_cost": 150.0,
    "list_price": 300.0,
    "currency": "USD",
    "origin_country": "Germany"
  }
},
{
  "model": "trading.product",
  "pk": "PROD-2010",
  "fields": {
    "product_name": "Steel",
    "category": "Other",
    "unit_of_measure": "KG",
    "standard_cost": 150.0,
    "list_price": 300.0,
    "currency": "USD",
    "origin_country": "Unknown"
  }
},
{
  "model": "trading.product",
  "pk": "PROD-2011",
  "fields": {
    "product_name": "Undefined",
    "category": "Energy",
    "unit_of_measure": "MT",
    "standard_cost": 150.0,
    "list_price": 200.0,
    "currency": "USD",
    "origin_country": "China"
  }
},
{
  "model": "trading.product",
  "pk": "PROD-2012",
  "fields": {
    "product_name": "Copper",
    "category": "Metal",
    "unit_of_measure": "MT",
    "standard_cost": 150.0,
    "list_price": 300.0,
    "currency": "USD",
    "origin_country": "Germany"
  }
},
{
  "model": "trading.product",
  "pk": "PROD-2013",
  "fields": {
    "product_name": "Steel",
    "category": "Energy",
    "unit_of_measure": "MT",
    "standard_cost": 150.0,
    "list_price": 200.0,
    "currency": "USD",
    "origin_country": "USA"
  }
},
{
  "model": "trading.product",
  "pk": "PROD-2014",
  "fields": {
    "product_name": "Undefined",
    "category": "Other",
    "unit_of_measure": "MT",
    "standard_cost": 100.0,
    "list_price": 200.0,
    "currency": "USD",
    "origin_country": "Germany"
  }
},
{
  "model": "trading.product",
  "pk": "PROD-2015",
  "fields": {
    "product_name": "Copper",
    "category": "Agriculture",
    "unit_of_measure": "KG",
    "standard_cost": 150.0,
    "list_price": 200.0,
    "currency": "USD",
    "origin_country": "USA"
  }
},
{
  "model": "trading.product",
  "pk": "PROD-2016",
  "fields": {
    "product_name": "Steel",
    "category": "Metal",
    "unit_of_measure": "MT",
    "standard_cost": 150.0,
    "list_price": 300.0,
    "currency": "USD",
    "origin_country": "Unknown"
  }
},
{
  "model": "trading.product",
  "pk": "PROD-2017",
  "fields": {
    "product_name": "Corn",
    "category": "Energy",
    "unit_of_measure": "MT",
    "standard_cost": 150.0,
    "list_price": 300.0,
    "currency": "USD",
    "origin_country": "Brazil"
  }
},
{
  "model": "trading.product",
  "pk": "PROD-2018",
  "fields": {
    "product_name": "Undefined",
    "category": "Other",
    "unit_of_measure": "MT",
    "standard_cost": 150.0,
    "list_price": 300.0,
    "currency": "USD",
    "origin_country": "USA"
  }
},
{
  "model": "trading.product",
  "pk": "PROD-2019",
  "fields": {
    "product_name": "Undefined",
    "category": "Other",
    "unit_of_measure": "MT",
    "standard_cost": 150.0,
    "list_price": 300.0,
    "currency": "USD",
    "origin_country": "Germany"
  }
},
{
  "model": "trading.product",
  "pk": "PROD-2020",
  "fields": {
    "product_name": "Aluminum",
    "category": "Metal",
    "unit_of_measure": "MT",
    "standard_cost": 100.0,
    "list_price": 200.0,
    "currency": "USD",
    "origin_country": "Unknown"
  }
},
{
  "model": "trading.product",
  "pk": "PROD-2021",
  "fields": {
    "product_name": "Steel",
    "category": "Agriculture",
    "unit_of_measure": "MT",
    "standard_cost": 150.0,
    "list_price": 300.0,
    "currency": "USD",
    "origin_country": "Germany"
  }
},
{
  "model": "trading.product",
  "pk": "PROD-2022",
  "fields": {
    "product_name": "Wheat",
    "category": "Agriculture",
    "unit_of_measure": "MT",
    "standard_cost": 150.0,
    "list_price": 300.0,
    "currency": "USD",
    "origin_country": "China"
  }
},
{
  "model": "trading.product",
  "pk": "PROD-2023",
  "fields": {
    "product_name": "Wheat",
    "category": "Agriculture",
    "unit_of_measure": "KG",
    "standard_cost": 150.0,
    "list_price": 300.0,
    "currency": "USD",
    "origin_country": "USA"
  }
},
{
  "model": "trading.product",
  "pk": "PROD-2024",
  "fields": {
    "product_name": "Aluminum",
    "category": "Metal",
    "unit_of_measure": "KG",
    "standard_cost": 100.0,
    "list_price": 300.0,
    "currency": "USD",
    "origin_country": "Unknown"
  }
},
{
  "model": "trading.product",
  "pk": "PROD-2025",
  "fields": {
    "product_name": "Aluminum",
    "category": "Metal",
    "unit_of_measure": "MT",
    "standard_cost": 150.0,
    "list_price": 300.0,
    "currency": "USD",
    "origin_country": "Germany"
  }
},
{
  "model": "trading.product",
  "pk": "PROD-2026",
  "fields": {
    "product_name": "Corn",
    "category": "Metal",
    "unit_of_measure": "KG",
    "standard_cost": 100.0,
    "list_price": 300.0,
    "currency": "USD",
    "origin_country": "Germany"
  }
},
{
  "model": "trading.product",
  "pk": "PROD-2027",
  "fields": {
    "product_name": "Aluminum",
    "category": "Other",
    "unit_of_measure": "MT",
    "standard_cost": 150.0,
    "list_price": 300.0,
    "currency": "USD",
    "origin_country": "China"
  }
},
{
  "model": "trading.trade",
  "pk": "TRD-3000",
  "fields": {
    "buyer": "CUST-1001",
    "seller": "CUST-1026",
    "product": "PROD-2005",
    "quantity": 100,
    "unit_price": 250.0,
    "trade_value": 25000.0,
    "trade_status": "Open",
    "currency": "USD"
  }
},
{
  "model": "trading.trade",
  "pk": "TRD-3001",
  "fields": {
    "buyer": "CUST-1014",
    "seller": "CUST-1019",
    "product": "PROD-2007",
    "quantity": 10,
    "unit_price": 250.0,
    "trade_value": 2500.0,
    "trade_status": "Pending",
    "currency": "USD"
  }
},
{
  "model": "trading.trade",
  "pk": "TRD-3002",
  "fields": {
    "buyer": "CUST-1008",
    "seller": "CUST-1011",
    "product": "PROD-2008",
    "quantity": 50,
    "unit_price": 250.0,
    "trade_value": 12500.0,
    "trade_status": "Pending",
    "currency": "USD"
  }
},
{
  "model": "trading.trade",
  "pk": "TRD-3003",
  "fields": {
    "buyer": "CUST-1022",
    "seller": "CUST-1000",
    "product": "PROD-2003",
    "quantity": 50,
    "unit_price": 250.0,
    "trade_value": 12500.0,
    "trade_status": "Closed",
    "currency": "USD"
  }
},
{
  "model": "trading.trade",
  "pk": "TRD-3004",
  "fields": {
    "buyer": "CUST-1010",
    "seller": "CUST-1005",
    "product": "PROD-2007",
    "quantity": 50,
    "unit_price": 250.0,
    "trade_value": 12500.0,
    "trade_status": "Open",
    "currency": "USD"
  }
},
{
  "model": "trading.trade",
  "pk": "TRD-3005",
  "fields": {
    "buyer": "CUST-1001",
    "seller": "CUST-1025",
    "product": "PROD-2027",
    "quantity": 50,
    "unit_price": 250.0,
    "trade_value": 12500.0,
    "trade_status": "Open",
    "currency": "USD"
  }
},
{
  "model": "trading.trade",
  "pk": "TRD-3006",
  "fields": {
    "buyer": "CUST-1007",
    "seller": "CUST-1010",
    "product": "PROD-2015",
    "quantity": 50,
    "unit_price": 250.0,
    "trade_value": 12500.0,
    "trade_status": "Pending",
    "currency": "USD"
  }
},
{
  "model": "trading.trade",
  "pk": "TRD-3007",
  "fields": {
    "buyer": "CUST-1026",
    "seller": "CUST-1006",
    "product": "PROD-2018",
    "quantity": 10,
    "unit_price": 250.0,
    "trade_value": 2500.0,
    "trade_status": "Closed",
    "currency": "USD"
  }
},
{
  "model": "trading.trade",
  "pk": "TRD-3008",
  "fields": {
    "buyer": "CUST-1010",
    "seller": "CUST-1020",
    "product": "PROD-2022",
    "quantity": 100,
    "unit_price": 250.0,
    "trade_value": 25000.0,
    "trade_status": "Open",
    "currency": "USD"
  }
},
{
  "model": "trading.trade",
  "pk": "TRD-3009",
  "fields": {
    "buyer": "CUST-1000",
    "seller": "CUST-1005",
    "product": "PROD-2004",
    "quantity": 50,
    "unit_price": 250.0,
    "trade_value": 12500.0,
    "trade_status": "Closed",
    "currency": "USD"
  }
},
{
  "model": "trading.trade",
  "pk": "TRD-3010",
  "fields": {
    "buyer": "CUST-1008",
    "seller": "CUST-1023",
    "product": "PROD-2007",
    "quantity": 100,
    "unit_price": 250.0,
    "trade_value": 25000.0,
    "trade_status": "Closed",
    "currency": "USD"
  }
},
{
  "model": "trading.trade",
  "pk": "TRD-3011",
  "fields": {
    "buyer": "CUST-1010",
    "seller": "CUST-1025",
    "product": "PROD-2000",
    "quantity": 10,
    "unit_price": 250.0,
    "trade_value": 2500.0,
    "trade_status": "Closed",
    "currency": "USD"
  }
},
{
  "model": "trading.trade",
  "pk": "TRD-3012",
  "fields": {
    "buyer": "CUST-1015",
    "seller": "CUST-1027",
    "product": "PROD-2023",
    "quantity": 10,
    "unit_price": 100.0,
    "trade_value": 1000.0,
    "trade_status": "Pending",
    "currency": "USD"
  }
},
{
  "model": "trading.trade",
  "pk": "TRD-3013",
  "fields": {
    "buyer": "CUST-1009",
    "seller": "CUST-1012",
    "product": "PROD-2024",
    "quantity": 10,
    "unit_price": 100.0,
    "trade_value": 1000.0,
    "trade_status": "Closed",
    "currency": "USD"
  }
},
{
  "model": "trading.trade",
  "pk": "TRD-3014",
  "fields": {
    "buyer": "CUST-1010",
    "seller": "CUST-1005",
    "product": "PROD-2020",
    "quantity": 50,
    "unit_price": 100.0,
    "trade_value": 5000.0,
    "trade_status": "Pending",
    "currency": "USD"
  }
},
{
  "model": "trading.trade",
  "pk": "TRD-3015",
  "fields": {
    "buyer": "CUST-1017",
    "seller": "CUST-1010",
    "product": "PROD-2026",
    "quantity": 50,
    "unit_price": 250.0,
    "trade_value": 12500.0,
    "trade_status": "Open",
    "currency": "USD"
  }
},
{
  "model": "trading.trade",
  "pk": "TRD-3016",
  "fields": {
    "buyer": "CUST-1015",
    "seller": "CUST-1008",
    "product": "PROD-2021",
    "quantity": 50,
    "unit_price": 100.0,
    "trade_value": 5000.0,
    "trade_status": "Closed",
    "currency": "USD"
  }
},
{
  "model": "trading.trade",
  "pk": "TRD-3017",
  "fields": {
    "buyer": "CUST-1022",
    "seller": "CUST-1016",
    "product": "PROD-2006",
    "quantity": 50,
    "unit_price": 250.0,
    "trade_value": 12500.0,
    "trade_status": "Pending",
    "currency": "USD"
  }
},
{
  "model": "trading.trade",
  "pk": "TRD-3018",
  "fields": {
    "buyer": "CUST-1000",
    "seller": "CUST-1010",
    "product": "PROD-2017",
    "quantity": 50,
    "unit_price": 250.0,
    "trade_value": 12500.0,
    "trade_status": "Pending",
    "currency": "USD"
  }
},
{
  "model": "trading.trade",
  "pk": "TRD-3019",
  "fields": {
    "buyer": "CUST-1022",
    "seller": "CUST-1013",
    "product": "PROD-2020",
    "quantity": 10,
    "unit_price": 250.0,
    "trade_value": 2500.0,
    "trade_status": "Pending",
    "currency": "USD"
  }
},
{
  "model": "trading.trade",
  "pk": "TRD-3020",
  "fields": {
    "buyer": "CUST-1014",
    "seller": "CUST-1023",
    "product": "PROD-2015",
    "quantity": 100,
    "unit_price": 250.0,
    "trade_value": 25000.0,
    "trade_status": "Closed",
    "currency": "USD"
  }
},
{
  "model": "trading.trade",
  "pk": "TRD-3021",
  "fields": {
    "buyer": "CUST-1027",
    "seller": "CUST-1019",
    "product": "PROD-2002",
    "quantity": 100,
    "unit_price": 250.0,
    "trade_value": 25000.0,
    "trade_status": "Open",
    "currency": "USD"
  }
},
{
  "model": "trading.trade",
  "pk": "TRD-3022",
  "fields": {
    "buyer": "CUST-1027",
    "seller": "CUST-1011",
    "product": "PROD-2007",
    "quantity": 10,
    "unit_price": 250.0,
    "trade_value": 2500.0,
    "trade_status": "Open",
    "currency": "USD"
  }
},
{
  "model": "trading.trade",
  "pk": "TRD-3023",
  "fields": {
    "buyer": "CUST-1020",
    "seller": "CUST-1013",
    "product": "PROD-2010",
    "quantity": 100,
    "unit_price": 100.0,
    "trade_value": 10000.0,
    "trade_status": "Open",
    "currency": "USD"
  }
},
{
  "model": "trading.trade",
  "pk": "TRD-3024",
  "fields": {
    "buyer": "CUST-1005",
    "seller": "CUST-1001",
    "product": "PROD-2002",
    "quantity": 100,
    "unit_price": 100.0,
    "trade_value": 10000.0,
    "trade_status": "Open",
    "currency": "USD"
  }
},
{
  "model": "trading.trade",
  "pk": "TRD-3025",
  "fields": {
    "buyer": "CUST-1026",
    "seller": "CUST-1016",
    "product": "PROD-2007",
    "quantity": 100,
    "unit_price": 100.0,
    "trade_value": 10000.0,
    "trade_status": "Closed",
    "currency": "USD"
  }
},
{
  "model": "trading.trade",
  "pk": "TRD-3026",
  "fields": {
    "buyer": "CUST-1008",
    "seller": "CUST-1001",
    "product": "PROD-2018",
    "quantity": 100,
    "unit_price": 250.0,
    "trade_value": 25000.0,
    "trade_status": "Closed",
    "currency": "USD"
  }
},
{
  "model": "trading.trade",
  "pk": "TRD-3027",
  "fields": {
    "buyer": "CUST-1005",
    "seller": "CUST-1020",
    "product": "PROD-2023",
    "quantity": 50,
    "unit_price": 250.0,
    "trade_value": 12500.0,
    "trade_status": "Open",
    "currency": "USD"
  }
}
]
